{"cameraMode":{"drawMode":0,"name":"Shaded","section":"Shading Mode"},"sceneLighting":true,"audioPlay":false,"sceneViewState":{"m_AlwaysRefresh":false,"showFog":true,"showSkybox":true,"showFlares":true,"showImageEffects":true,"showParticleSystems":true,"showVisualEffectGraphs":true,"m_FxEnabled":true},"in2DMode":false,"pivot":{"x":-0.1100001335144043,"y":1.6800000667572022,"z":-0.5299997329711914},"rotation":{"x":0.34672778844833376,"y":-0.28586679697036745,"z":0.11183571070432663,"w":0.8863210678100586},"size":12.12435531616211,"orthographic":false}